[{
      "_id": "59edee68706374dfa957842f",
      "firstName": "Homer",
      "lastName": "Simpson",
      "picture": "http://www.trbimg.com/img-573a089a/turbine/ct-homer-simpson-live-pizza-debate-met-0517-20160516",
      "age": 43
    },
    {
      "_id": "59edee689509e51682ff8e02",
      "firstName": "Marge",
      "lastName": "Simpson",
      "picture": "https://vignette.wikia.nocookie.net/simpsons/images/8/87/Marge_Simpson_2.png/revision/latest?cb=20150131104556",
      "age": 40
    },
    {
      "_id": "59edee68eff3f80413c136f8",
      "firstName": "Lisa",
      "lastName": "Simpson",
      "picture": "https://vignette.wikia.nocookie.net/simpsons/images/1/12/Lisa_Simpson-0.png/revision/latest?cb=20161027220133",
      "age": 10
    },
    {
      "_id": "59edee683406c7834ee7cdd8",
      "firstName": "Bart",
      "lastName": "Simpson",
      "picture": "https://vignette.wikia.nocookie.net/simpsons/images/a/ab/BartSimpson.jpg/revision/latest?cb=20141101133153",
      "age": 12
    },
    {
      "_id": "59edee68b4b101bef064bf11",
      "firstName": "Hugo",
      "lastName": "Simpson",
      "picture": "https://static.simpsonswiki.com/images/thumb/1/1a/Hugo_Simpson.png/200px-Hugo_Simpson.png",
      "age": 12
    },
    {
      "_id": "59edee68874eb2fa23678344",
      "firstName": "Ned",
      "lastName": "Flanders",
      "picture": "https://vignette.wikia.nocookie.net/simpsons/images/8/84/Ned_Flanders.png/revision/latest?cb=20100513160156",
      "age": 50
    },
    {
      "_id": "59edee68efd448eefb265420",
      "firstName": "Rod",
      "lastName": "Flanders",
      "picture": "https://vignette.wikia.nocookie.net/simpsons/images/e/e6/Rod_Flanders2.png/revision/latest?cb=20140817110904",
      "age": 13
    },
    {
      "_id": "59edee68ea392a3947485d41",
      "firstName": "Todd",
      "lastName": "Flanders",
      "picture": "https://vignette.wikia.nocookie.net/simpsons/images/1/18/Todd_Flanders.png/revision/latest?cb=20131223200228",
      "age": 12
    },
    {
      "_id": "59edee682c7acf7bfac7e66b",
      "firstName": "Maude",
      "lastName": "Flanders",
      "picture": "https://vignette.wikia.nocookie.net/simpsons/images/9/95/Maude_Flanders.png/revision/latest/scale-to-width-down/286?cb=20170923223722",
      "age": 49
    }
  ]